trial_id,angles,kp,ki,kd
1,0.36,12.651032526017955,0.0427007263168961,0.6647014070672729
1,6.84,12.651032526017955,0.0427007263168961,0.6647014070672729
1,21.14,12.651032526017955,0.0427007263168961,0.6647014070672729
1,40.57,12.651032526017955,0.0427007263168961,0.6647014070672729
1,63.18,12.651032526017955,0.0427007263168961,0.6647014070672729
1,85.81,12.651032526017955,0.0427007263168961,0.6647014070672729
1,107.42,12.651032526017955,0.0427007263168961,0.6647014070672729
1,115.81,12.651032526017955,0.0427007263168961,0.6647014070672729
1,105.56,12.651032526017955,0.0427007263168961,0.6647014070672729
1,89.12,12.651032526017955,0.0427007263168961,0.6647014070672729
1,74.84,12.651032526017955,0.0427007263168961,0.6647014070672729
1,71.42,12.651032526017955,0.0427007263168961,0.6647014070672729
1,81.58,12.651032526017955,0.0427007263168961,0.6647014070672729
1,95.02,12.651032526017955,0.0427007263168961,0.6647014070672729
1,104.47,12.651032526017955,0.0427007263168961,0.6647014070672729
1,105.63,12.651032526017955,0.0427007263168961,0.6647014070672729
1,97.77,12.651032526017955,0.0427007263168961,0.6647014070672729
1,88.26,12.651032526017955,0.0427007263168961,0.6647014070672729
1,81.63,12.651032526017955,0.0427007263168961,0.6647014070672729
1,80.38,12.651032526017955,0.0427007263168961,0.6647014070672729
1,83.52,12.651032526017955,0.0427007263168961,0.6647014070672729
1,88.77,12.651032526017955,0.0427007263168961,0.6647014070672729
1,92.26,12.651032526017955,0.0427007263168961,0.6647014070672729
1,92.64,12.651032526017955,0.0427007263168961,0.6647014070672729
1,92.63,12.651032526017955,0.0427007263168961,0.6647014070672729
1,92.63,12.651032526017955,0.0427007263168961,0.6647014070672729
1,92.63,12.651032526017955,0.0427007263168961,0.6647014070672729
1,92.63,12.651032526017955,0.0427007263168961,0.6647014070672729
1,92.63,12.651032526017955,0.0427007263168961,0.6647014070672729
1,92.63,12.651032526017955,0.0427007263168961,0.6647014070672729
1,92.63,12.651032526017955,0.0427007263168961,0.6647014070672729
1,92.63,12.651032526017955,0.0427007263168961,0.6647014070672729
1,92.63,12.651032526017955,0.0427007263168961,0.6647014070672729
1,92.63,12.651032526017955,0.0427007263168961,0.6647014070672729
1,92.62,12.651032526017955,0.0427007263168961,0.6647014070672729
1,92.63,12.651032526017955,0.0427007263168961,0.6647014070672729
1,92.62,12.651032526017955,0.0427007263168961,0.6647014070672729
1,92.62,12.651032526017955,0.0427007263168961,0.6647014070672729
1,92.62,12.651032526017955,0.0427007263168961,0.6647014070672729
1,92.62,12.651032526017955,0.0427007263168961,0.6647014070672729
1,92.62,12.651032526017955,0.0427007263168961,0.6647014070672729
1,92.62,12.651032526017955,0.0427007263168961,0.6647014070672729
1,92.62,12.651032526017955,0.0427007263168961,0.6647014070672729
1,92.62,12.651032526017955,0.0427007263168961,0.6647014070672729
1,92.61,12.651032526017955,0.0427007263168961,0.6647014070672729
1,92.61,12.651032526017955,0.0427007263168961,0.6647014070672729
1,92.61,12.651032526017955,0.0427007263168961,0.6647014070672729
1,92.61,12.651032526017955,0.0427007263168961,0.6647014070672729
1,92.61,12.651032526017955,0.0427007263168961,0.6647014070672729
1,92.61,12.651032526017955,0.0427007263168961,0.6647014070672729
1,92.61,12.651032526017955,0.0427007263168961,0.6647014070672729
1,92.61,12.651032526017955,0.0427007263168961,0.6647014070672729
1,92.6,12.651032526017955,0.0427007263168961,0.6647014070672729
1,92.61,12.651032526017955,0.0427007263168961,0.6647014070672729
1,92.6,12.651032526017955,0.0427007263168961,0.6647014070672729
1,92.6,12.651032526017955,0.0427007263168961,0.6647014070672729
1,92.6,12.651032526017955,0.0427007263168961,0.6647014070672729
1,92.6,12.651032526017955,0.0427007263168961,0.6647014070672729
1,92.6,12.651032526017955,0.0427007263168961,0.6647014070672729
1,92.6,12.651032526017955,0.0427007263168961,0.6647014070672729
1,92.6,12.651032526017955,0.0427007263168961,0.6647014070672729
1,92.6,12.651032526017955,0.0427007263168961,0.6647014070672729
1,92.6,12.651032526017955,0.0427007263168961,0.6647014070672729
1,92.59,12.651032526017955,0.0427007263168961,0.6647014070672729
1,92.59,12.651032526017955,0.0427007263168961,0.6647014070672729
1,92.59,12.651032526017955,0.0427007263168961,0.6647014070672729
1,92.59,12.651032526017955,0.0427007263168961,0.6647014070672729
1,92.59,12.651032526017955,0.0427007263168961,0.6647014070672729
1,92.59,12.651032526017955,0.0427007263168961,0.6647014070672729
1,92.59,12.651032526017955,0.0427007263168961,0.6647014070672729
1,92.58,12.651032526017955,0.0427007263168961,0.6647014070672729
1,92.58,12.651032526017955,0.0427007263168961,0.6647014070672729
1,92.58,12.651032526017955,0.0427007263168961,0.6647014070672729
1,92.58,12.651032526017955,0.0427007263168961,0.6647014070672729
1,92.58,12.651032526017955,0.0427007263168961,0.6647014070672729
1,92.58,12.651032526017955,0.0427007263168961,0.6647014070672729
1,92.58,12.651032526017955,0.0427007263168961,0.6647014070672729
1,92.58,12.651032526017955,0.0427007263168961,0.6647014070672729
1,92.58,12.651032526017955,0.0427007263168961,0.6647014070672729
1,92.58,12.651032526017955,0.0427007263168961,0.6647014070672729
1,92.57,12.651032526017955,0.0427007263168961,0.6647014070672729
1,92.57,12.651032526017955,0.0427007263168961,0.6647014070672729
1,92.57,12.651032526017955,0.0427007263168961,0.6647014070672729
1,92.57,12.651032526017955,0.0427007263168961,0.6647014070672729
1,92.57,12.651032526017955,0.0427007263168961,0.6647014070672729
1,92.57,12.651032526017955,0.0427007263168961,0.6647014070672729
1,92.56,12.651032526017955,0.0427007263168961,0.6647014070672729
1,92.56,12.651032526017955,0.0427007263168961,0.6647014070672729
1,92.56,12.651032526017955,0.0427007263168961,0.6647014070672729
1,92.56,12.651032526017955,0.0427007263168961,0.6647014070672729
1,92.56,12.651032526017955,0.0427007263168961,0.6647014070672729
1,92.56,12.651032526017955,0.0427007263168961,0.6647014070672729
1,92.55,12.651032526017955,0.0427007263168961,0.6647014070672729
1,92.55,12.651032526017955,0.0427007263168961,0.6647014070672729
1,92.55,12.651032526017955,0.0427007263168961,0.6647014070672729
1,92.55,12.651032526017955,0.0427007263168961,0.6647014070672729
1,92.55,12.651032526017955,0.0427007263168961,0.6647014070672729
1,92.55,12.651032526017955,0.0427007263168961,0.6647014070672729
1,92.55,12.651032526017955,0.0427007263168961,0.6647014070672729
1,92.55,12.651032526017955,0.0427007263168961,0.6647014070672729
2,-0.44,12.91274001795036,0.1164543488210801,0.7703540560894079
2,7.87,12.91274001795036,0.1164543488210801,0.7703540560894079
2,24.37,12.91274001795036,0.1164543488210801,0.7703540560894079
2,44.87,12.91274001795036,0.1164543488210801,0.7703540560894079
2,67.94,12.91274001795036,0.1164543488210801,0.7703540560894079
2,91.2,12.91274001795036,0.1164543488210801,0.7703540560894079
2,113.28,12.91274001795036,0.1164543488210801,0.7703540560894079
2,119.15,12.91274001795036,0.1164543488210801,0.7703540560894079
2,105.21,12.91274001795036,0.1164543488210801,0.7703540560894079
2,85.75,12.91274001795036,0.1164543488210801,0.7703540560894079
2,74.15,12.91274001795036,0.1164543488210801,0.7703540560894079
2,74.38,12.91274001795036,0.1164543488210801,0.7703540560894079
2,86.09,12.91274001795036,0.1164543488210801,0.7703540560894079
2,100.11,12.91274001795036,0.1164543488210801,0.7703540560894079
2,108.62,12.91274001795036,0.1164543488210801,0.7703540560894079
2,105.75,12.91274001795036,0.1164543488210801,0.7703540560894079
2,95.54,12.91274001795036,0.1164543488210801,0.7703540560894079
2,86.49,12.91274001795036,0.1164543488210801,0.7703540560894079
2,82.33,12.91274001795036,0.1164543488210801,0.7703540560894079
2,83.37,12.91274001795036,0.1164543488210801,0.7703540560894079
2,88.3,12.91274001795036,0.1164543488210801,0.7703540560894079
2,93.46,12.91274001795036,0.1164543488210801,0.7703540560894079
2,95.49,12.91274001795036,0.1164543488210801,0.7703540560894079
2,95.49,12.91274001795036,0.1164543488210801,0.7703540560894079
2,95.48,12.91274001795036,0.1164543488210801,0.7703540560894079
2,95.49,12.91274001795036,0.1164543488210801,0.7703540560894079
2,95.48,12.91274001795036,0.1164543488210801,0.7703540560894079
2,95.49,12.91274001795036,0.1164543488210801,0.7703540560894079
2,95.49,12.91274001795036,0.1164543488210801,0.7703540560894079
2,95.53,12.91274001795036,0.1164543488210801,0.7703540560894079
2,95.54,12.91274001795036,0.1164543488210801,0.7703540560894079
2,95.56,12.91274001795036,0.1164543488210801,0.7703540560894079
2,95.56,12.91274001795036,0.1164543488210801,0.7703540560894079
2,95.54,12.91274001795036,0.1164543488210801,0.7703540560894079
2,95.52,12.91274001795036,0.1164543488210801,0.7703540560894079
2,95.51,12.91274001795036,0.1164543488210801,0.7703540560894079
2,95.51,12.91274001795036,0.1164543488210801,0.7703540560894079
2,95.51,12.91274001795036,0.1164543488210801,0.7703540560894079
2,95.5,12.91274001795036,0.1164543488210801,0.7703540560894079
2,95.47,12.91274001795036,0.1164543488210801,0.7703540560894079
2,95.45,12.91274001795036,0.1164543488210801,0.7703540560894079
2,95.43,12.91274001795036,0.1164543488210801,0.7703540560894079
2,95.42,12.91274001795036,0.1164543488210801,0.7703540560894079
2,95.4,12.91274001795036,0.1164543488210801,0.7703540560894079
2,95.38,12.91274001795036,0.1164543488210801,0.7703540560894079
2,95.36,12.91274001795036,0.1164543488210801,0.7703540560894079
2,95.35,12.91274001795036,0.1164543488210801,0.7703540560894079
2,95.33,12.91274001795036,0.1164543488210801,0.7703540560894079
2,95.31,12.91274001795036,0.1164543488210801,0.7703540560894079
2,95.29,12.91274001795036,0.1164543488210801,0.7703540560894079
2,95.27,12.91274001795036,0.1164543488210801,0.7703540560894079
2,95.25,12.91274001795036,0.1164543488210801,0.7703540560894079
2,95.23,12.91274001795036,0.1164543488210801,0.7703540560894079
2,95.21,12.91274001795036,0.1164543488210801,0.7703540560894079
2,95.19,12.91274001795036,0.1164543488210801,0.7703540560894079
2,95.18,12.91274001795036,0.1164543488210801,0.7703540560894079
2,95.16,12.91274001795036,0.1164543488210801,0.7703540560894079
2,95.14,12.91274001795036,0.1164543488210801,0.7703540560894079
2,95.12,12.91274001795036,0.1164543488210801,0.7703540560894079
2,95.1,12.91274001795036,0.1164543488210801,0.7703540560894079
2,95.08,12.91274001795036,0.1164543488210801,0.7703540560894079
2,95.06,12.91274001795036,0.1164543488210801,0.7703540560894079
2,95.04,12.91274001795036,0.1164543488210801,0.7703540560894079
2,95.02,12.91274001795036,0.1164543488210801,0.7703540560894079
2,95.0,12.91274001795036,0.1164543488210801,0.7703540560894079
2,94.98,12.91274001795036,0.1164543488210801,0.7703540560894079
2,94.97,12.91274001795036,0.1164543488210801,0.7703540560894079
2,94.94,12.91274001795036,0.1164543488210801,0.7703540560894079
2,94.93,12.91274001795036,0.1164543488210801,0.7703540560894079
2,94.91,12.91274001795036,0.1164543488210801,0.7703540560894079
2,94.88,12.91274001795036,0.1164543488210801,0.7703540560894079
2,94.86,12.91274001795036,0.1164543488210801,0.7703540560894079
2,94.84,12.91274001795036,0.1164543488210801,0.7703540560894079
2,94.82,12.91274001795036,0.1164543488210801,0.7703540560894079
2,94.8,12.91274001795036,0.1164543488210801,0.7703540560894079
2,94.78,12.91274001795036,0.1164543488210801,0.7703540560894079
2,94.76,12.91274001795036,0.1164543488210801,0.7703540560894079
2,94.75,12.91274001795036,0.1164543488210801,0.7703540560894079
2,94.72,12.91274001795036,0.1164543488210801,0.7703540560894079
2,94.71,12.91274001795036,0.1164543488210801,0.7703540560894079
2,94.69,12.91274001795036,0.1164543488210801,0.7703540560894079
2,94.67,12.91274001795036,0.1164543488210801,0.7703540560894079
2,94.64,12.91274001795036,0.1164543488210801,0.7703540560894079
2,94.62,12.91274001795036,0.1164543488210801,0.7703540560894079
2,94.6,12.91274001795036,0.1164543488210801,0.7703540560894079
2,94.58,12.91274001795036,0.1164543488210801,0.7703540560894079
2,94.56,12.91274001795036,0.1164543488210801,0.7703540560894079
2,94.54,12.91274001795036,0.1164543488210801,0.7703540560894079
2,94.52,12.91274001795036,0.1164543488210801,0.7703540560894079
2,94.5,12.91274001795036,0.1164543488210801,0.7703540560894079
2,94.48,12.91274001795036,0.1164543488210801,0.7703540560894079
2,94.46,12.91274001795036,0.1164543488210801,0.7703540560894079
2,94.44,12.91274001795036,0.1164543488210801,0.7703540560894079
2,94.42,12.91274001795036,0.1164543488210801,0.7703540560894079
2,94.4,12.91274001795036,0.1164543488210801,0.7703540560894079
2,94.38,12.91274001795036,0.1164543488210801,0.7703540560894079
2,94.36,12.91274001795036,0.1164543488210801,0.7703540560894079
2,94.34,12.91274001795036,0.1164543488210801,0.7703540560894079
2,94.32,12.91274001795036,0.1164543488210801,0.7703540560894079
2,94.3,12.91274001795036,0.1164543488210801,0.7703540560894079
3,-1.61,22.703869160233893,0.7605593394368251,0.3262547509643889
3,7.5,22.703869160233893,0.7605593394368251,0.3262547509643889
3,25.63,22.703869160233893,0.7605593394368251,0.3262547509643889
3,45.61,22.703869160233893,0.7605593394368251,0.3262547509643889
3,68.4,22.703869160233893,0.7605593394368251,0.3262547509643889
3,92.64,22.703869160233893,0.7605593394368251,0.3262547509643889
3,115.84,22.703869160233893,0.7605593394368251,0.3262547509643889
3,118.4,22.703869160233893,0.7605593394368251,0.3262547509643889
3,97.23,22.703869160233893,0.7605593394368251,0.3262547509643889
3,72.86,22.703869160233893,0.7605593394368251,0.3262547509643889
3,58.7,22.703869160233893,0.7605593394368251,0.3262547509643889
3,55.9,22.703869160233893,0.7605593394368251,0.3262547509643889
3,55.93,22.703869160233893,0.7605593394368251,0.3262547509643889
3,61.24,22.703869160233893,0.7605593394368251,0.3262547509643889
3,66.62,22.703869160233893,0.7605593394368251,0.3262547509643889
3,79.19,22.703869160233893,0.7605593394368251,0.3262547509643889
3,98.37,22.703869160233893,0.7605593394368251,0.3262547509643889
3,114.94,22.703869160233893,0.7605593394368251,0.3262547509643889
3,119.16,22.703869160233893,0.7605593394368251,0.3262547509643889
3,104.24,22.703869160233893,0.7605593394368251,0.3262547509643889
3,83.85,22.703869160233893,0.7605593394368251,0.3262547509643889
3,85.53,22.703869160233893,0.7605593394368251,0.3262547509643889
3,106.84,22.703869160233893,0.7605593394368251,0.3262547509643889
3,123.3,22.703869160233893,0.7605593394368251,0.3262547509643889
3,128.23,22.703869160233893,0.7605593394368251,0.3262547509643889
3,125.3,22.703869160233893,0.7605593394368251,0.3262547509643889
3,114.54,22.703869160233893,0.7605593394368251,0.3262547509643889
3,97.42,22.703869160233893,0.7605593394368251,0.3262547509643889
3,76.18,22.703869160233893,0.7605593394368251,0.3262547509643889
3,59.16,22.703869160233893,0.7605593394368251,0.3262547509643889
3,64.01,22.703869160233893,0.7605593394368251,0.3262547509643889
3,86.17,22.703869160233893,0.7605593394368251,0.3262547509643889
3,109.97,22.703869160233893,0.7605593394368251,0.3262547509643889
3,120.06,22.703869160233893,0.7605593394368251,0.3262547509643889
3,115.89,22.703869160233893,0.7605593394368251,0.3262547509643889
3,101.49,22.703869160233893,0.7605593394368251,0.3262547509643889
3,79.95,22.703869160233893,0.7605593394368251,0.3262547509643889
3,79.91,22.703869160233893,0.7605593394368251,0.3262547509643889
3,99.85,22.703869160233893,0.7605593394368251,0.3262547509643889
3,119.45,22.703869160233893,0.7605593394368251,0.3262547509643889
3,129.81,22.703869160233893,0.7605593394368251,0.3262547509643889
3,125.11,22.703869160233893,0.7605593394368251,0.3262547509643889
3,107.74,22.703869160233893,0.7605593394368251,0.3262547509643889
3,85.37,22.703869160233893,0.7605593394368251,0.3262547509643889
3,70.6,22.703869160233893,0.7605593394368251,0.3262547509643889
3,69.76,22.703869160233893,0.7605593394368251,0.3262547509643889
3,69.78,22.703869160233893,0.7605593394368251,0.3262547509643889
3,72.89,22.703869160233893,0.7605593394368251,0.3262547509643889
3,76.37,22.703869160233893,0.7605593394368251,0.3262547509643889
3,91.02,22.703869160233893,0.7605593394368251,0.3262547509643889
3,112.59,22.703869160233893,0.7605593394368251,0.3262547509643889
3,112.82,22.703869160233893,0.7605593394368251,0.3262547509643889
3,91.96,22.703869160233893,0.7605593394368251,0.3262547509643889
3,72.18,22.703869160233893,0.7605593394368251,0.3262547509643889
3,61.29,22.703869160233893,0.7605593394368251,0.3262547509643889
3,63.3,22.703869160233893,0.7605593394368251,0.3262547509643889
3,79.96,22.703869160233893,0.7605593394368251,0.3262547509643889
3,102.44,22.703869160233893,0.7605593394368251,0.3262547509643889
3,119.11,22.703869160233893,0.7605593394368251,0.3262547509643889
3,121.23,22.703869160233893,0.7605593394368251,0.3262547509643889
3,119.08,22.703869160233893,0.7605593394368251,0.3262547509643889
3,111.96,22.703869160233893,0.7605593394368251,0.3262547509643889
3,95.69,22.703869160233893,0.7605593394368251,0.3262547509643889
3,74.05,22.703869160233893,0.7605593394368251,0.3262547509643889
3,75.69,22.703869160233893,0.7605593394368251,0.3262547509643889
3,98.34,22.703869160233893,0.7605593394368251,0.3262547509643889
3,116.15,22.703869160233893,0.7605593394368251,0.3262547509643889
3,122.0,22.703869160233893,0.7605593394368251,0.3262547509643889
3,117.29,22.703869160233893,0.7605593394368251,0.3262547509643889
3,104.86,22.703869160233893,0.7605593394368251,0.3262547509643889
3,88.33,22.703869160233893,0.7605593394368251,0.3262547509643889
3,69.48,22.703869160233893,0.7605593394368251,0.3262547509643889
3,55.11,22.703869160233893,0.7605593394368251,0.3262547509643889
3,58.03,22.703869160233893,0.7605593394368251,0.3262547509643889
3,77.43,22.703869160233893,0.7605593394368251,0.3262547509643889
3,100.94,22.703869160233893,0.7605593394368251,0.3262547509643889
3,116.3,22.703869160233893,0.7605593394368251,0.3262547509643889
3,116.54,22.703869160233893,0.7605593394368251,0.3262547509643889
3,113.48,22.703869160233893,0.7605593394368251,0.3262547509643889
3,109.43,22.703869160233893,0.7605593394368251,0.3262547509643889
3,94.47,22.703869160233893,0.7605593394368251,0.3262547509643889
3,71.8,22.703869160233893,0.7605593394368251,0.3262547509643889
3,72.96,22.703869160233893,0.7605593394368251,0.3262547509643889
3,96.07,22.703869160233893,0.7605593394368251,0.3262547509643889
3,113.73,22.703869160233893,0.7605593394368251,0.3262547509643889
3,117.14,22.703869160233893,0.7605593394368251,0.3262547509643889
3,114.51,22.703869160233893,0.7605593394368251,0.3262547509643889
3,105.25,22.703869160233893,0.7605593394368251,0.3262547509643889
3,88.75,22.703869160233893,0.7605593394368251,0.3262547509643889
3,68.02,22.703869160233893,0.7605593394368251,0.3262547509643889
3,73.16,22.703869160233893,0.7605593394368251,0.3262547509643889
3,97.9,22.703869160233893,0.7605593394368251,0.3262547509643889
3,111.24,22.703869160233893,0.7605593394368251,0.3262547509643889
3,110.58,22.703869160233893,0.7605593394368251,0.3262547509643889
3,110.19,22.703869160233893,0.7605593394368251,0.3262547509643889
3,109.23,22.703869160233893,0.7605593394368251,0.3262547509643889
3,108.3,22.703869160233893,0.7605593394368251,0.3262547509643889
3,107.29,22.703869160233893,0.7605593394368251,0.3262547509643889
3,106.8,22.703869160233893,0.7605593394368251,0.3262547509643889
3,106.7,22.703869160233893,0.7605593394368251,0.3262547509643889
4,0.6,2.3279372570643915,0.1988327071248981,0.1785522482209513
4,5.44,2.3279372570643915,0.1988327071248981,0.1785522482209513
4,18.97,2.3279372570643915,0.1988327071248981,0.1785522482209513
4,36.3,2.3279372570643915,0.1988327071248981,0.1785522482209513
4,54.55,2.3279372570643915,0.1988327071248981,0.1785522482209513
4,72.8,2.3279372570643915,0.1988327071248981,0.1785522482209513
4,89.5,2.3279372570643915,0.1988327071248981,0.1785522482209513
4,103.61,2.3279372570643915,0.1988327071248981,0.1785522482209513
4,114.99,2.3279372570643915,0.1988327071248981,0.1785522482209513
4,122.98,2.3279372570643915,0.1988327071248981,0.1785522482209513
4,127.37,2.3279372570643915,0.1988327071248981,0.1785522482209513
4,127.91,2.3279372570643915,0.1988327071248981,0.1785522482209513
4,127.88,2.3279372570643915,0.1988327071248981,0.1785522482209513
4,127.71,2.3279372570643915,0.1988327071248981,0.1785522482209513
4,127.7,2.3279372570643915,0.1988327071248981,0.1785522482209513
4,127.7,2.3279372570643915,0.1988327071248981,0.1785522482209513
4,127.7,2.3279372570643915,0.1988327071248981,0.1785522482209513
4,127.53,2.3279372570643915,0.1988327071248981,0.1785522482209513
4,126.9,2.3279372570643915,0.1988327071248981,0.1785522482209513
4,125.91,2.3279372570643915,0.1988327071248981,0.1785522482209513
4,123.83,2.3279372570643915,0.1988327071248981,0.1785522482209513
4,120.41,2.3279372570643915,0.1988327071248981,0.1785522482209513
4,116.11,2.3279372570643915,0.1988327071248981,0.1785522482209513
4,111.5,2.3279372570643915,0.1988327071248981,0.1785522482209513
4,106.54,2.3279372570643915,0.1988327071248981,0.1785522482209513
4,102.16,2.3279372570643915,0.1988327071248981,0.1785522482209513
4,98.62,2.3279372570643915,0.1988327071248981,0.1785522482209513
4,96.21,2.3279372570643915,0.1988327071248981,0.1785522482209513
4,94.9,2.3279372570643915,0.1988327071248981,0.1785522482209513
4,94.58,2.3279372570643915,0.1988327071248981,0.1785522482209513
4,94.59,2.3279372570643915,0.1988327071248981,0.1785522482209513
4,94.58,2.3279372570643915,0.1988327071248981,0.1785522482209513
4,94.59,2.3279372570643915,0.1988327071248981,0.1785522482209513
4,94.59,2.3279372570643915,0.1988327071248981,0.1785522482209513
4,94.59,2.3279372570643915,0.1988327071248981,0.1785522482209513
4,94.59,2.3279372570643915,0.1988327071248981,0.1785522482209513
4,94.59,2.3279372570643915,0.1988327071248981,0.1785522482209513
4,94.6,2.3279372570643915,0.1988327071248981,0.1785522482209513
4,94.6,2.3279372570643915,0.1988327071248981,0.1785522482209513
4,94.6,2.3279372570643915,0.1988327071248981,0.1785522482209513
4,94.6,2.3279372570643915,0.1988327071248981,0.1785522482209513
4,94.6,2.3279372570643915,0.1988327071248981,0.1785522482209513
4,94.61,2.3279372570643915,0.1988327071248981,0.1785522482209513
4,94.61,2.3279372570643915,0.1988327071248981,0.1785522482209513
4,94.61,2.3279372570643915,0.1988327071248981,0.1785522482209513
4,94.61,2.3279372570643915,0.1988327071248981,0.1785522482209513
4,94.62,2.3279372570643915,0.1988327071248981,0.1785522482209513
4,94.62,2.3279372570643915,0.1988327071248981,0.1785522482209513
4,94.62,2.3279372570643915,0.1988327071248981,0.1785522482209513
4,94.62,2.3279372570643915,0.1988327071248981,0.1785522482209513
4,94.62,2.3279372570643915,0.1988327071248981,0.1785522482209513
4,94.63,2.3279372570643915,0.1988327071248981,0.1785522482209513
4,94.63,2.3279372570643915,0.1988327071248981,0.1785522482209513
4,94.64,2.3279372570643915,0.1988327071248981,0.1785522482209513
4,94.64,2.3279372570643915,0.1988327071248981,0.1785522482209513
4,94.64,2.3279372570643915,0.1988327071248981,0.1785522482209513
4,94.64,2.3279372570643915,0.1988327071248981,0.1785522482209513
4,94.35,2.3279372570643915,0.1988327071248981,0.1785522482209513
4,93.78,2.3279372570643915,0.1988327071248981,0.1785522482209513
4,93.12,2.3279372570643915,0.1988327071248981,0.1785522482209513
4,92.26,2.3279372570643915,0.1988327071248981,0.1785522482209513
4,91.32,2.3279372570643915,0.1988327071248981,0.1785522482209513
4,90.33,2.3279372570643915,0.1988327071248981,0.1785522482209513
4,89.41,2.3279372570643915,0.1988327071248981,0.1785522482209513
4,88.55,2.3279372570643915,0.1988327071248981,0.1785522482209513
4,87.87,2.3279372570643915,0.1988327071248981,0.1785522482209513
4,87.28,2.3279372570643915,0.1988327071248981,0.1785522482209513
4,86.93,2.3279372570643915,0.1988327071248981,0.1785522482209513
4,86.88,2.3279372570643915,0.1988327071248981,0.1785522482209513
4,86.88,2.3279372570643915,0.1988327071248981,0.1785522482209513
4,86.88,2.3279372570643915,0.1988327071248981,0.1785522482209513
4,86.89,2.3279372570643915,0.1988327071248981,0.1785522482209513
4,86.89,2.3279372570643915,0.1988327071248981,0.1785522482209513
4,86.89,2.3279372570643915,0.1988327071248981,0.1785522482209513
4,86.89,2.3279372570643915,0.1988327071248981,0.1785522482209513
4,86.89,2.3279372570643915,0.1988327071248981,0.1785522482209513
4,86.9,2.3279372570643915,0.1988327071248981,0.1785522482209513
4,86.9,2.3279372570643915,0.1988327071248981,0.1785522482209513
4,86.9,2.3279372570643915,0.1988327071248981,0.1785522482209513
4,86.9,2.3279372570643915,0.1988327071248981,0.1785522482209513
4,86.9,2.3279372570643915,0.1988327071248981,0.1785522482209513
4,86.9,2.3279372570643915,0.1988327071248981,0.1785522482209513
4,86.91,2.3279372570643915,0.1988327071248981,0.1785522482209513
4,86.91,2.3279372570643915,0.1988327071248981,0.1785522482209513
4,86.91,2.3279372570643915,0.1988327071248981,0.1785522482209513
4,86.91,2.3279372570643915,0.1988327071248981,0.1785522482209513
4,86.91,2.3279372570643915,0.1988327071248981,0.1785522482209513
4,86.91,2.3279372570643915,0.1988327071248981,0.1785522482209513
4,86.92,2.3279372570643915,0.1988327071248981,0.1785522482209513
4,86.92,2.3279372570643915,0.1988327071248981,0.1785522482209513
4,86.92,2.3279372570643915,0.1988327071248981,0.1785522482209513
4,86.92,2.3279372570643915,0.1988327071248981,0.1785522482209513
4,86.92,2.3279372570643915,0.1988327071248981,0.1785522482209513
4,86.92,2.3279372570643915,0.1988327071248981,0.1785522482209513
4,86.92,2.3279372570643915,0.1988327071248981,0.1785522482209513
4,86.93,2.3279372570643915,0.1988327071248981,0.1785522482209513
4,86.93,2.3279372570643915,0.1988327071248981,0.1785522482209513
4,86.93,2.3279372570643915,0.1988327071248981,0.1785522482209513
4,86.93,2.3279372570643915,0.1988327071248981,0.1785522482209513
4,86.93,2.3279372570643915,0.1988327071248981,0.1785522482209513
5,-0.01,13.953953833392774,0.8978707390678519,0.4780751252987431
5,-0.01,13.953953833392774,0.8978707390678519,0.4780751252987431
5,-0.01,13.953953833392774,0.8978707390678519,0.4780751252987431
5,1.52,13.953953833392774,0.8978707390678519,0.4780751252987431
5,9.51,13.953953833392774,0.8978707390678519,0.4780751252987431
5,21.23,13.953953833392774,0.8978707390678519,0.4780751252987431
5,32.49,13.953953833392774,0.8978707390678519,0.4780751252987431
5,48.52,13.953953833392774,0.8978707390678519,0.4780751252987431
5,70.48,13.953953833392774,0.8978707390678519,0.4780751252987431
5,93.94,13.953953833392774,0.8978707390678519,0.4780751252987431
5,117.81,13.953953833392774,0.8978707390678519,0.4780751252987431
5,138.35,13.953953833392774,0.8978707390678519,0.4780751252987431
5,148.65,13.953953833392774,0.8978707390678519,0.4780751252987431
5,137.45,13.953953833392774,0.8978707390678519,0.4780751252987431
5,117.01,13.953953833392774,0.8978707390678519,0.4780751252987431
5,97.42,13.953953833392774,0.8978707390678519,0.4780751252987431
5,92.8,13.953953833392774,0.8978707390678519,0.4780751252987431
5,107.14,13.953953833392774,0.8978707390678519,0.4780751252987431
5,126.18,13.953953833392774,0.8978707390678519,0.4780751252987431
5,134.22,13.953953833392774,0.8978707390678519,0.4780751252987431
5,123.46,13.953953833392774,0.8978707390678519,0.4780751252987431
5,104.23,13.953953833392774,0.8978707390678519,0.4780751252987431
5,87.09,13.953953833392774,0.8978707390678519,0.4780751252987431
5,84.53,13.953953833392774,0.8978707390678519,0.4780751252987431
5,98.58,13.953953833392774,0.8978707390678519,0.4780751252987431
5,116.93,13.953953833392774,0.8978707390678519,0.4780751252987431
5,126.93,13.953953833392774,0.8978707390678519,0.4780751252987431
5,117.84,13.953953833392774,0.8978707390678519,0.4780751252987431
5,99.91,13.953953833392774,0.8978707390678519,0.4780751252987431
5,83.11,13.953953833392774,0.8978707390678519,0.4780751252987431
5,79.1,13.953953833392774,0.8978707390678519,0.4780751252987431
5,91.0,13.953953833392774,0.8978707390678519,0.4780751252987431
5,108.15,13.953953833392774,0.8978707390678519,0.4780751252987431
5,119.51,13.953953833392774,0.8978707390678519,0.4780751252987431
5,114.39,13.953953833392774,0.8978707390678519,0.4780751252987431
5,98.24,13.953953833392774,0.8978707390678519,0.4780751252987431
5,81.48,13.953953833392774,0.8978707390678519,0.4780751252987431
5,75.64,13.953953833392774,0.8978707390678519,0.4780751252987431
5,86.51,13.953953833392774,0.8978707390678519,0.4780751252987431
5,103.22,13.953953833392774,0.8978707390678519,0.4780751252987431
5,115.08,13.953953833392774,0.8978707390678519,0.4780751252987431
5,112.69,13.953953833392774,0.8978707390678519,0.4780751252987431
5,97.74,13.953953833392774,0.8978707390678519,0.4780751252987431
5,81.3,13.953953833392774,0.8978707390678519,0.4780751252987431
5,73.97,13.953953833392774,0.8978707390678519,0.4780751252987431
5,82.91,13.953953833392774,0.8978707390678519,0.4780751252987431
5,98.86,13.953953833392774,0.8978707390678519,0.4780751252987431
5,112.17,13.953953833392774,0.8978707390678519,0.4780751252987431
5,112.5,13.953953833392774,0.8978707390678519,0.4780751252987431
5,98.61,13.953953833392774,0.8978707390678519,0.4780751252987431
5,81.99,13.953953833392774,0.8978707390678519,0.4780751252987431
5,72.72,13.953953833392774,0.8978707390678519,0.4780751252987431
5,79.68,13.953953833392774,0.8978707390678519,0.4780751252987431
5,95.02,13.953953833392774,0.8978707390678519,0.4780751252987431
5,108.97,13.953953833392774,0.8978707390678519,0.4780751252987431
5,111.95,13.953953833392774,0.8978707390678519,0.4780751252987431
5,100.4,13.953953833392774,0.8978707390678519,0.4780751252987431
5,83.93,13.953953833392774,0.8978707390678519,0.4780751252987431
5,72.75,13.953953833392774,0.8978707390678519,0.4780751252987431
5,76.13,13.953953833392774,0.8978707390678519,0.4780751252987431
5,89.9,13.953953833392774,0.8978707390678519,0.4780751252987431
5,104.5,13.953953833392774,0.8978707390678519,0.4780751252987431
5,109.93,13.953953833392774,0.8978707390678519,0.4780751252987431
5,101.77,13.953953833392774,0.8978707390678519,0.4780751252987431
5,87.53,13.953953833392774,0.8978707390678519,0.4780751252987431
5,74.98,13.953953833392774,0.8978707390678519,0.4780751252987431
5,73.5,13.953953833392774,0.8978707390678519,0.4780751252987431
5,85.07,13.953953833392774,0.8978707390678519,0.4780751252987431
5,99.54,13.953953833392774,0.8978707390678519,0.4780751252987431
5,107.66,13.953953833392774,0.8978707390678519,0.4780751252987431
5,104.26,13.953953833392774,0.8978707390678519,0.4780751252987431
5,91.74,13.953953833392774,0.8978707390678519,0.4780751252987431
5,78.29,13.953953833392774,0.8978707390678519,0.4780751252987431
5,73.18,13.953953833392774,0.8978707390678519,0.4780751252987431
5,80.41,13.953953833392774,0.8978707390678519,0.4780751252987431
5,93.57,13.953953833392774,0.8978707390678519,0.4780751252987431
5,105.31,13.953953833392774,0.8978707390678519,0.4780751252987431
5,107.44,13.953953833392774,0.8978707390678519,0.4780751252987431
5,97.49,13.953953833392774,0.8978707390678519,0.4780751252987431
5,83.63,13.953953833392774,0.8978707390678519,0.4780751252987431
5,74.28,13.953953833392774,0.8978707390678519,0.4780751252987431
5,75.69,13.953953833392774,0.8978707390678519,0.4780751252987431
5,86.93,13.953953833392774,0.8978707390678519,0.4780751252987431
5,99.89,13.953953833392774,0.8978707390678519,0.4780751252987431
5,106.29,13.953953833392774,0.8978707390678519,0.4780751252987431
5,101.81,13.953953833392774,0.8978707390678519,0.4780751252987431
5,90.04,13.953953833392774,0.8978707390678519,0.4780751252987431
5,78.46,13.953953833392774,0.8978707390678519,0.4780751252987431
5,74.42,13.953953833392774,0.8978707390678519,0.4780751252987431
5,82.01,13.953953833392774,0.8978707390678519,0.4780751252987431
5,93.94,13.953953833392774,0.8978707390678519,0.4780751252987431
5,103.64,13.953953833392774,0.8978707390678519,0.4780751252987431
5,105.18,13.953953833392774,0.8978707390678519,0.4780751252987431
5,96.35,13.953953833392774,0.8978707390678519,0.4780751252987431
5,83.94,13.953953833392774,0.8978707390678519,0.4780751252987431
5,75.99,13.953953833392774,0.8978707390678519,0.4780751252987431
5,77.66,13.953953833392774,0.8978707390678519,0.4780751252987431
5,87.81,13.953953833392774,0.8978707390678519,0.4780751252987431
5,98.59,13.953953833392774,0.8978707390678519,0.4780751252987431
5,103.43,13.953953833392774,0.8978707390678519,0.4780751252987431
6,-0.2,24.31396359196286,0.355769468237849,0.0385146291615586
6,12.64,24.31396359196286,0.355769468237849,0.0385146291615586
6,33.86,24.31396359196286,0.355769468237849,0.0385146291615586
6,52.72,24.31396359196286,0.355769468237849,0.0385146291615586
6,68.98,24.31396359196286,0.355769468237849,0.0385146291615586
6,84.31,24.31396359196286,0.355769468237849,0.0385146291615586
6,101.23,24.31396359196286,0.355769468237849,0.0385146291615586
6,111.31,24.31396359196286,0.355769468237849,0.0385146291615586
6,97.57,24.31396359196286,0.355769468237849,0.0385146291615586
6,76.67,24.31396359196286,0.355769468237849,0.0385146291615586
6,72.73,24.31396359196286,0.355769468237849,0.0385146291615586
6,91.86,24.31396359196286,0.355769468237849,0.0385146291615586
6,106.12,24.31396359196286,0.355769468237849,0.0385146291615586
6,107.34,24.31396359196286,0.355769468237849,0.0385146291615586
6,92.23,24.31396359196286,0.355769468237849,0.0385146291615586
6,74.92,24.31396359196286,0.355769468237849,0.0385146291615586
6,62.35,24.31396359196286,0.355769468237849,0.0385146291615586
6,62.65,24.31396359196286,0.355769468237849,0.0385146291615586
6,78.34,24.31396359196286,0.355769468237849,0.0385146291615586
6,101.03,24.31396359196286,0.355769468237849,0.0385146291615586
6,117.47,24.31396359196286,0.355769468237849,0.0385146291615586
6,117.91,24.31396359196286,0.355769468237849,0.0385146291615586
6,115.3,24.31396359196286,0.355769468237849,0.0385146291615586
6,110.86,24.31396359196286,0.355769468237849,0.0385146291615586
6,96.16,24.31396359196286,0.355769468237849,0.0385146291615586
6,74.84,24.31396359196286,0.355769468237849,0.0385146291615586
6,78.11,24.31396359196286,0.355769468237849,0.0385146291615586
6,102.56,24.31396359196286,0.355769468237849,0.0385146291615586
6,115.8,24.31396359196286,0.355769468237849,0.0385146291615586
6,113.23,24.31396359196286,0.355769468237849,0.0385146291615586
6,110.93,24.31396359196286,0.355769468237849,0.0385146291615586
6,96.24,24.31396359196286,0.355769468237849,0.0385146291615586
6,73.61,24.31396359196286,0.355769468237849,0.0385146291615586
6,76.7,24.31396359196286,0.355769468237849,0.0385146291615586
6,101.78,24.31396359196286,0.355769468237849,0.0385146291615586
6,115.79,24.31396359196286,0.355769468237849,0.0385146291615586
6,114.37,24.31396359196286,0.355769468237849,0.0385146291615586
6,111.29,24.31396359196286,0.355769468237849,0.0385146291615586
6,108.71,24.31396359196286,0.355769468237849,0.0385146291615586
6,95.65,24.31396359196286,0.355769468237849,0.0385146291615586
6,75.02,24.31396359196286,0.355769468237849,0.0385146291615586
6,74.57,24.31396359196286,0.355769468237849,0.0385146291615586
6,95.12,24.31396359196286,0.355769468237849,0.0385146291615586
6,114.65,24.31396359196286,0.355769468237849,0.0385146291615586
6,122.45,24.31396359196286,0.355769468237849,0.0385146291615586
6,115.94,24.31396359196286,0.355769468237849,0.0385146291615586
6,100.72,24.31396359196286,0.355769468237849,0.0385146291615586
6,83.47,24.31396359196286,0.355769468237849,0.0385146291615586
6,71.27,24.31396359196286,0.355769468237849,0.0385146291615586
6,85.61,24.31396359196286,0.355769468237849,0.0385146291615586
6,110.86,24.31396359196286,0.355769468237849,0.0385146291615586
6,131.63,24.31396359196286,0.355769468237849,0.0385146291615586
6,144.43,24.31396359196286,0.355769468237849,0.0385146291615586
6,134.06,24.31396359196286,0.355769468237849,0.0385146291615586
6,110.24,24.31396359196286,0.355769468237849,0.0385146291615586
6,87.91,24.31396359196286,0.355769468237849,0.0385146291615586
6,69.11,24.31396359196286,0.355769468237849,0.0385146291615586
6,73.96,24.31396359196286,0.355769468237849,0.0385146291615586
6,98.38,24.31396359196286,0.355769468237849,0.0385146291615586
6,111.3,24.31396359196286,0.355769468237849,0.0385146291615586
6,106.94,24.31396359196286,0.355769468237849,0.0385146291615586
6,89.74,24.31396359196286,0.355769468237849,0.0385146291615586
6,65.32,24.31396359196286,0.355769468237849,0.0385146291615586
6,47.39,24.31396359196286,0.355769468237849,0.0385146291615586
6,40.02,24.31396359196286,0.355769468237849,0.0385146291615586
6,43.72,24.31396359196286,0.355769468237849,0.0385146291615586
6,58.17,24.31396359196286,0.355769468237849,0.0385146291615586
6,77.22,24.31396359196286,0.355769468237849,0.0385146291615586
6,101.04,24.31396359196286,0.355769468237849,0.0385146291615586
6,111.56,24.31396359196286,0.355769468237849,0.0385146291615586
6,107.5,24.31396359196286,0.355769468237849,0.0385146291615586
6,93.41,24.31396359196286,0.355769468237849,0.0385146291615586
6,72.04,24.31396359196286,0.355769468237849,0.0385146291615586
6,73.84,24.31396359196286,0.355769468237849,0.0385146291615586
6,97.0,24.31396359196286,0.355769468237849,0.0385146291615586
6,114.46,24.31396359196286,0.355769468237849,0.0385146291615586
6,114.84,24.31396359196286,0.355769468237849,0.0385146291615586
6,110.17,24.31396359196286,0.355769468237849,0.0385146291615586
6,104.16,24.31396359196286,0.355769468237849,0.0385146291615586
6,91.49,24.31396359196286,0.355769468237849,0.0385146291615586
6,72.86,24.31396359196286,0.355769468237849,0.0385146291615586
6,75.91,24.31396359196286,0.355769468237849,0.0385146291615586
6,96.75,24.31396359196286,0.355769468237849,0.0385146291615586
6,111.77,24.31396359196286,0.355769468237849,0.0385146291615586
6,112.43,24.31396359196286,0.355769468237849,0.0385146291615586
6,110.43,24.31396359196286,0.355769468237849,0.0385146291615586
6,106.95,24.31396359196286,0.355769468237849,0.0385146291615586
6,91.46,24.31396359196286,0.355769468237849,0.0385146291615586
6,68.9,24.31396359196286,0.355769468237849,0.0385146291615586
6,50.52,24.31396359196286,0.355769468237849,0.0385146291615586
6,36.77,24.31396359196286,0.355769468237849,0.0385146291615586
6,41.18,24.31396359196286,0.355769468237849,0.0385146291615586
6,60.71,24.31396359196286,0.355769468237849,0.0385146291615586
6,83.81,24.31396359196286,0.355769468237849,0.0385146291615586
6,107.17,24.31396359196286,0.355769468237849,0.0385146291615586
6,109.69,24.31396359196286,0.355769468237849,0.0385146291615586
6,86.94,24.31396359196286,0.355769468237849,0.0385146291615586
6,65.47,24.31396359196286,0.355769468237849,0.0385146291615586
6,59.52,24.31396359196286,0.355769468237849,0.0385146291615586
6,68.0,24.31396359196286,0.355769468237849,0.0385146291615586
7,-1.61,10.783553816302357,0.175275997265927,0.8224455078299867
7,1.19,10.783553816302357,0.175275997265927,0.8224455078299867
7,7.13,10.783553816302357,0.175275997265927,0.8224455078299867
7,11.4,10.783553816302357,0.175275997265927,0.8224455078299867
7,27.86,10.783553816302357,0.175275997265927,0.8224455078299867
7,54.05,10.783553816302357,0.175275997265927,0.8224455078299867
7,81.39,10.783553816302357,0.175275997265927,0.8224455078299867
7,108.68,10.783553816302357,0.175275997265927,0.8224455078299867
7,125.87,10.783553816302357,0.175275997265927,0.8224455078299867
7,120.85,10.783553816302357,0.175275997265927,0.8224455078299867
7,103.84,10.783553816302357,0.175275997265927,0.8224455078299867
7,85.83,10.783553816302357,0.175275997265927,0.8224455078299867
7,73.69,10.783553816302357,0.175275997265927,0.8224455078299867
7,77.09,10.783553816302357,0.175275997265927,0.8224455078299867
7,89.23,10.783553816302357,0.175275997265927,0.8224455078299867
7,102.05,10.783553816302357,0.175275997265927,0.8224455078299867
7,110.3,10.783553816302357,0.175275997265927,0.8224455078299867
7,110.57,10.783553816302357,0.175275997265927,0.8224455078299867
7,102.6,10.783553816302357,0.175275997265927,0.8224455078299867
7,93.44,10.783553816302357,0.175275997265927,0.8224455078299867
7,87.03,10.783553816302357,0.175275997265927,0.8224455078299867
7,85.37,10.783553816302357,0.175275997265927,0.8224455078299867
7,86.81,10.783553816302357,0.175275997265927,0.8224455078299867
7,90.36,10.783553816302357,0.175275997265927,0.8224455078299867
7,93.38,10.783553816302357,0.175275997265927,0.8224455078299867
7,94.19,10.783553816302357,0.175275997265927,0.8224455078299867
7,94.18,10.783553816302357,0.175275997265927,0.8224455078299867
7,94.17,10.783553816302357,0.175275997265927,0.8224455078299867
7,94.17,10.783553816302357,0.175275997265927,0.8224455078299867
7,94.16,10.783553816302357,0.175275997265927,0.8224455078299867
7,94.15,10.783553816302357,0.175275997265927,0.8224455078299867
7,94.15,10.783553816302357,0.175275997265927,0.8224455078299867
7,94.14,10.783553816302357,0.175275997265927,0.8224455078299867
7,94.13,10.783553816302357,0.175275997265927,0.8224455078299867
7,94.12,10.783553816302357,0.175275997265927,0.8224455078299867
7,94.12,10.783553816302357,0.175275997265927,0.8224455078299867
7,94.11,10.783553816302357,0.175275997265927,0.8224455078299867
7,94.1,10.783553816302357,0.175275997265927,0.8224455078299867
7,94.09,10.783553816302357,0.175275997265927,0.8224455078299867
7,94.09,10.783553816302357,0.175275997265927,0.8224455078299867
7,94.08,10.783553816302357,0.175275997265927,0.8224455078299867
7,94.08,10.783553816302357,0.175275997265927,0.8224455078299867
7,94.07,10.783553816302357,0.175275997265927,0.8224455078299867
7,94.06,10.783553816302357,0.175275997265927,0.8224455078299867
7,94.06,10.783553816302357,0.175275997265927,0.8224455078299867
7,94.05,10.783553816302357,0.175275997265927,0.8224455078299867
7,94.04,10.783553816302357,0.175275997265927,0.8224455078299867
7,94.03,10.783553816302357,0.175275997265927,0.8224455078299867
7,94.03,10.783553816302357,0.175275997265927,0.8224455078299867
7,94.01,10.783553816302357,0.175275997265927,0.8224455078299867
7,94.01,10.783553816302357,0.175275997265927,0.8224455078299867
7,94.0,10.783553816302357,0.175275997265927,0.8224455078299867
7,93.99,10.783553816302357,0.175275997265927,0.8224455078299867
7,93.98,10.783553816302357,0.175275997265927,0.8224455078299867
7,93.98,10.783553816302357,0.175275997265927,0.8224455078299867
7,93.97,10.783553816302357,0.175275997265927,0.8224455078299867
7,93.96,10.783553816302357,0.175275997265927,0.8224455078299867
7,93.96,10.783553816302357,0.175275997265927,0.8224455078299867
7,93.95,10.783553816302357,0.175275997265927,0.8224455078299867
7,93.94,10.783553816302357,0.175275997265927,0.8224455078299867
7,93.93,10.783553816302357,0.175275997265927,0.8224455078299867
7,93.93,10.783553816302357,0.175275997265927,0.8224455078299867
7,93.92,10.783553816302357,0.175275997265927,0.8224455078299867
7,93.91,10.783553816302357,0.175275997265927,0.8224455078299867
7,93.91,10.783553816302357,0.175275997265927,0.8224455078299867
7,93.9,10.783553816302357,0.175275997265927,0.8224455078299867
7,93.89,10.783553816302357,0.175275997265927,0.8224455078299867
7,93.88,10.783553816302357,0.175275997265927,0.8224455078299867
7,93.87,10.783553816302357,0.175275997265927,0.8224455078299867
7,93.87,10.783553816302357,0.175275997265927,0.8224455078299867
7,93.86,10.783553816302357,0.175275997265927,0.8224455078299867
7,93.85,10.783553816302357,0.175275997265927,0.8224455078299867
7,93.84,10.783553816302357,0.175275997265927,0.8224455078299867
7,93.84,10.783553816302357,0.175275997265927,0.8224455078299867
7,93.83,10.783553816302357,0.175275997265927,0.8224455078299867
7,93.83,10.783553816302357,0.175275997265927,0.8224455078299867
7,93.82,10.783553816302357,0.175275997265927,0.8224455078299867
7,93.81,10.783553816302357,0.175275997265927,0.8224455078299867
7,93.8,10.783553816302357,0.175275997265927,0.8224455078299867
7,93.79,10.783553816302357,0.175275997265927,0.8224455078299867
7,93.78,10.783553816302357,0.175275997265927,0.8224455078299867
7,93.77,10.783553816302357,0.175275997265927,0.8224455078299867
7,93.76,10.783553816302357,0.175275997265927,0.8224455078299867
7,93.75,10.783553816302357,0.175275997265927,0.8224455078299867
7,93.74,10.783553816302357,0.175275997265927,0.8224455078299867
7,93.74,10.783553816302357,0.175275997265927,0.8224455078299867
7,93.73,10.783553816302357,0.175275997265927,0.8224455078299867
7,93.73,10.783553816302357,0.175275997265927,0.8224455078299867
7,93.72,10.783553816302357,0.175275997265927,0.8224455078299867
7,93.71,10.783553816302357,0.175275997265927,0.8224455078299867
7,93.7,10.783553816302357,0.175275997265927,0.8224455078299867
7,93.69,10.783553816302357,0.175275997265927,0.8224455078299867
7,93.68,10.783553816302357,0.175275997265927,0.8224455078299867
7,93.67,10.783553816302357,0.175275997265927,0.8224455078299867
7,93.67,10.783553816302357,0.175275997265927,0.8224455078299867
7,93.66,10.783553816302357,0.175275997265927,0.8224455078299867
7,93.65,10.783553816302357,0.175275997265927,0.8224455078299867
7,93.64,10.783553816302357,0.175275997265927,0.8224455078299867
7,93.63,10.783553816302357,0.175275997265927,0.8224455078299867
7,93.63,10.783553816302357,0.175275997265927,0.8224455078299867
8,-1.0,5.137669251080966,0.5093215886506659,0.808511948243104
8,0.47,5.137669251080966,0.5093215886506659,0.808511948243104
8,3.86,5.137669251080966,0.5093215886506659,0.808511948243104
8,8.25,5.137669251080966,0.5093215886506659,0.808511948243104
8,14.9,5.137669251080966,0.5093215886506659,0.808511948243104
8,23.63,5.137669251080966,0.5093215886506659,0.808511948243104
8,33.61,5.137669251080966,0.5093215886506659,0.808511948243104
8,43.74,5.137669251080966,0.5093215886506659,0.808511948243104
8,52.65,5.137669251080966,0.5093215886506659,0.808511948243104
8,59.65,5.137669251080966,0.5093215886506659,0.808511948243104
8,64.01,5.137669251080966,0.5093215886506659,0.808511948243104
8,65.52,5.137669251080966,0.5093215886506659,0.808511948243104
8,65.39,5.137669251080966,0.5093215886506659,0.808511948243104
8,65.38,5.137669251080966,0.5093215886506659,0.808511948243104
8,65.37,5.137669251080966,0.5093215886506659,0.808511948243104
8,65.36,5.137669251080966,0.5093215886506659,0.808511948243104
8,65.34,5.137669251080966,0.5093215886506659,0.808511948243104
8,65.32,5.137669251080966,0.5093215886506659,0.808511948243104
8,65.31,5.137669251080966,0.5093215886506659,0.808511948243104
8,65.32,5.137669251080966,0.5093215886506659,0.808511948243104
8,66.03,5.137669251080966,0.5093215886506659,0.808511948243104
8,69.72,5.137669251080966,0.5093215886506659,0.808511948243104
8,75.63,5.137669251080966,0.5093215886506659,0.808511948243104
8,82.37,5.137669251080966,0.5093215886506659,0.808511948243104
8,88.19,5.137669251080966,0.5093215886506659,0.808511948243104
8,91.82,5.137669251080966,0.5093215886506659,0.808511948243104
8,92.83,5.137669251080966,0.5093215886506659,0.808511948243104
8,92.81,5.137669251080966,0.5093215886506659,0.808511948243104
8,92.81,5.137669251080966,0.5093215886506659,0.808511948243104
8,92.8,5.137669251080966,0.5093215886506659,0.808511948243104
8,92.79,5.137669251080966,0.5093215886506659,0.808511948243104
8,92.78,5.137669251080966,0.5093215886506659,0.808511948243104
8,92.77,5.137669251080966,0.5093215886506659,0.808511948243104
8,92.77,5.137669251080966,0.5093215886506659,0.808511948243104
8,92.76,5.137669251080966,0.5093215886506659,0.808511948243104
8,92.75,5.137669251080966,0.5093215886506659,0.808511948243104
8,92.75,5.137669251080966,0.5093215886506659,0.808511948243104
8,92.74,5.137669251080966,0.5093215886506659,0.808511948243104
8,92.73,5.137669251080966,0.5093215886506659,0.808511948243104
8,92.73,5.137669251080966,0.5093215886506659,0.808511948243104
8,92.72,5.137669251080966,0.5093215886506659,0.808511948243104
8,92.71,5.137669251080966,0.5093215886506659,0.808511948243104
8,92.7,5.137669251080966,0.5093215886506659,0.808511948243104
8,92.7,5.137669251080966,0.5093215886506659,0.808511948243104
8,92.69,5.137669251080966,0.5093215886506659,0.808511948243104
8,92.68,5.137669251080966,0.5093215886506659,0.808511948243104
8,92.67,5.137669251080966,0.5093215886506659,0.808511948243104
8,92.67,5.137669251080966,0.5093215886506659,0.808511948243104
8,92.66,5.137669251080966,0.5093215886506659,0.808511948243104
8,92.65,5.137669251080966,0.5093215886506659,0.808511948243104
8,92.64,5.137669251080966,0.5093215886506659,0.808511948243104
8,92.63,5.137669251080966,0.5093215886506659,0.808511948243104
8,92.63,5.137669251080966,0.5093215886506659,0.808511948243104
8,108.32,5.137669251080966,0.5093215886506659,0.808511948243104
8,132.64,5.137669251080966,0.5093215886506659,0.808511948243104
8,158.42,5.137669251080966,0.5093215886506659,0.808511948243104
8,178.68,5.137669251080966,0.5093215886506659,0.808511948243104
8,163.98,5.137669251080966,0.5093215886506659,0.808511948243104
8,160.16,5.137669251080966,0.5093215886506659,0.808511948243104
8,159.79,5.137669251080966,0.5093215886506659,0.808511948243104
8,162.65,5.137669251080966,0.5093215886506659,0.808511948243104
8,169.34,5.137669251080966,0.5093215886506659,0.808511948243104
8,178.99,5.137669251080966,0.5093215886506659,0.808511948243104
8,162.08,5.137669251080966,0.5093215886506659,0.808511948243104
8,139.07,5.137669251080966,0.5093215886506659,0.808511948243104
8,115.9,5.137669251080966,0.5093215886506659,0.808511948243104
8,93.92,5.137669251080966,0.5093215886506659,0.808511948243104
8,76.72,5.137669251080966,0.5093215886506659,0.808511948243104
8,68.06,5.137669251080966,0.5093215886506659,0.808511948243104
8,71.33,5.137669251080966,0.5093215886506659,0.808511948243104
8,80.07,5.137669251080966,0.5093215886506659,0.808511948243104
8,90.2,5.137669251080966,0.5093215886506659,0.808511948243104
8,99.21,5.137669251080966,0.5093215886506659,0.808511948243104
8,105.78,5.137669251080966,0.5093215886506659,0.808511948243104
8,108.85,5.137669251080966,0.5093215886506659,0.808511948243104
8,109.09,5.137669251080966,0.5093215886506659,0.808511948243104
8,109.08,5.137669251080966,0.5093215886506659,0.808511948243104
8,109.07,5.137669251080966,0.5093215886506659,0.808511948243104
8,109.07,5.137669251080966,0.5093215886506659,0.808511948243104
8,109.06,5.137669251080966,0.5093215886506659,0.808511948243104
8,108.82,5.137669251080966,0.5093215886506659,0.808511948243104
8,107.19,5.137669251080966,0.5093215886506659,0.808511948243104
8,103.65,5.137669251080966,0.5093215886506659,0.808511948243104
8,99.42,5.137669251080966,0.5093215886506659,0.808511948243104
8,95.66,5.137669251080966,0.5093215886506659,0.808511948243104
8,93.09,5.137669251080966,0.5093215886506659,0.808511948243104
8,92.16,5.137669251080966,0.5093215886506659,0.808511948243104
8,91.99,5.137669251080966,0.5093215886506659,0.808511948243104
8,91.98,5.137669251080966,0.5093215886506659,0.808511948243104
8,91.98,5.137669251080966,0.5093215886506659,0.808511948243104
8,91.98,5.137669251080966,0.5093215886506659,0.808511948243104
8,91.98,5.137669251080966,0.5093215886506659,0.808511948243104
8,91.97,5.137669251080966,0.5093215886506659,0.808511948243104
8,91.97,5.137669251080966,0.5093215886506659,0.808511948243104
8,91.96,5.137669251080966,0.5093215886506659,0.808511948243104
8,91.96,5.137669251080966,0.5093215886506659,0.808511948243104
8,91.96,5.137669251080966,0.5093215886506659,0.808511948243104
8,91.96,5.137669251080966,0.5093215886506659,0.808511948243104
8,91.95,5.137669251080966,0.5093215886506659,0.808511948243104
8,91.94,5.137669251080966,0.5093215886506659,0.808511948243104
9,-1.6,16.394436581911634,0.6171181170562448,0.0695457684713234
9,1.94,16.394436581911634,0.6171181170562448,0.0695457684713234
9,12.85,16.394436581911634,0.6171181170562448,0.0695457684713234
9,24.96,16.394436581911634,0.6171181170562448,0.0695457684713234
9,40.36,16.394436581911634,0.6171181170562448,0.0695457684713234
9,60.84,16.394436581911634,0.6171181170562448,0.0695457684713234
9,80.94,16.394436581911634,0.6171181170562448,0.0695457684713234
9,104.84,16.394436581911634,0.6171181170562448,0.0695457684713234
9,129.18,16.394436581911634,0.6171181170562448,0.0695457684713234
9,128.76,16.394436581911634,0.6171181170562448,0.0695457684713234
9,105.84,16.394436581911634,0.6171181170562448,0.0695457684713234
9,81.51,16.394436581911634,0.6171181170562448,0.0695457684713234
9,76.02,16.394436581911634,0.6171181170562448,0.0695457684713234
9,93.85,16.394436581911634,0.6171181170562448,0.0695457684713234
9,116.24,16.394436581911634,0.6171181170562448,0.0695457684713234
9,125.35,16.394436581911634,0.6171181170562448,0.0695457684713234
9,110.26,16.394436581911634,0.6171181170562448,0.0695457684713234
9,87.51,16.394436581911634,0.6171181170562448,0.0695457684713234
9,75.22,16.394436581911634,0.6171181170562448,0.0695457684713234
9,85.89,16.394436581911634,0.6171181170562448,0.0695457684713234
9,106.26,16.394436581911634,0.6171181170562448,0.0695457684713234
9,121.17,16.394436581911634,0.6171181170562448,0.0695457684713234
9,114.19,16.394436581911634,0.6171181170562448,0.0695457684713234
9,93.99,16.394436581911634,0.6171181170562448,0.0695457684713234
9,75.36,16.394436581911634,0.6171181170562448,0.0695457684713234
9,77.09,16.394436581911634,0.6171181170562448,0.0695457684713234
9,95.54,16.394436581911634,0.6171181170562448,0.0695457684713234
9,115.78,16.394436581911634,0.6171181170562448,0.0695457684713234
9,120.38,16.394436581911634,0.6171181170562448,0.0695457684713234
9,103.72,16.394436581911634,0.6171181170562448,0.0695457684713234
9,82.0,16.394436581911634,0.6171181170562448,0.0695457684713234
9,71.84,16.394436581911634,0.6171181170562448,0.0695457684713234
9,84.6,16.394436581911634,0.6171181170562448,0.0695457684713234
9,105.37,16.394436581911634,0.6171181170562448,0.0695457684713234
9,118.37,16.394436581911634,0.6171181170562448,0.0695457684713234
9,108.62,16.394436581911634,0.6171181170562448,0.0695457684713234
9,88.54,16.394436581911634,0.6171181170562448,0.0695457684713234
9,71.53,16.394436581911634,0.6171181170562448,0.0695457684713234
9,75.99,16.394436581911634,0.6171181170562448,0.0695457684713234
9,95.55,16.394436581911634,0.6171181170562448,0.0695457684713234
9,116.01,16.394436581911634,0.6171181170562448,0.0695457684713234
9,117.11,16.394436581911634,0.6171181170562448,0.0695457684713234
9,98.1,16.394436581911634,0.6171181170562448,0.0695457684713234
9,75.6,16.394436581911634,0.6171181170562448,0.0695457684713234
9,68.82,16.394436581911634,0.6171181170562448,0.0695457684713234
9,85.22,16.394436581911634,0.6171181170562448,0.0695457684713234
9,107.38,16.394436581911634,0.6171181170562448,0.0695457684713234
9,117.06,16.394436581911634,0.6171181170562448,0.0695457684713234
9,103.61,16.394436581911634,0.6171181170562448,0.0695457684713234
9,82.69,16.394436581911634,0.6171181170562448,0.0695457684713234
9,69.64,16.394436581911634,0.6171181170562448,0.0695457684713234
9,79.01,16.394436581911634,0.6171181170562448,0.0695457684713234
9,98.61,16.394436581911634,0.6171181170562448,0.0695457684713234
9,114.2,16.394436581911634,0.6171181170562448,0.0695457684713234
9,111.05,16.394436581911634,0.6171181170562448,0.0695457684713234
9,92.27,16.394436581911634,0.6171181170562448,0.0695457684713234
9,71.77,16.394436581911634,0.6171181170562448,0.0695457684713234
9,68.51,16.394436581911634,0.6171181170562448,0.0695457684713234
9,86.3,16.394436581911634,0.6171181170562448,0.0695457684713234
9,108.02,16.394436581911634,0.6171181170562448,0.0695457684713234
9,115.18,16.394436581911634,0.6171181170562448,0.0695457684713234
9,100.61,16.394436581911634,0.6171181170562448,0.0695457684713234
9,80.38,16.394436581911634,0.6171181170562448,0.0695457684713234
9,68.66,16.394436581911634,0.6171181170562448,0.0695457684713234
9,78.91,16.394436581911634,0.6171181170562448,0.0695457684713234
9,98.97,16.394436581911634,0.6171181170562448,0.0695457684713234
9,114.46,16.394436581911634,0.6171181170562448,0.0695457684713234
9,109.83,16.394436581911634,0.6171181170562448,0.0695457684713234
9,90.26,16.394436581911634,0.6171181170562448,0.0695457684713234
9,70.23,16.394436581911634,0.6171181170562448,0.0695457684713234
9,67.69,16.394436581911634,0.6171181170562448,0.0695457684713234
9,85.58,16.394436581911634,0.6171181170562448,0.0695457684713234
9,107.61,16.394436581911634,0.6171181170562448,0.0695457684713234
9,115.98,16.394436581911634,0.6171181170562448,0.0695457684713234
9,101.51,16.394436581911634,0.6171181170562448,0.0695457684713234
9,80.1,16.394436581911634,0.6171181170562448,0.0695457684713234
9,67.48,16.394436581911634,0.6171181170562448,0.0695457684713234
9,77.37,16.394436581911634,0.6171181170562448,0.0695457684713234
9,97.47,16.394436581911634,0.6171181170562448,0.0695457684713234
9,113.06,16.394436581911634,0.6171181170562448,0.0695457684713234
9,109.25,16.394436581911634,0.6171181170562448,0.0695457684713234
9,89.94,16.394436581911634,0.6171181170562448,0.0695457684713234
9,70.3,16.394436581911634,0.6171181170562448,0.0695457684713234
9,67.58,16.394436581911634,0.6171181170562448,0.0695457684713234
9,84.91,16.394436581911634,0.6171181170562448,0.0695457684713234
9,106.75,16.394436581911634,0.6171181170562448,0.0695457684713234
9,114.78,16.394436581911634,0.6171181170562448,0.0695457684713234
9,101.28,16.394436581911634,0.6171181170562448,0.0695457684713234
9,80.36,16.394436581911634,0.6171181170562448,0.0695457684713234
9,67.18,16.394436581911634,0.6171181170562448,0.0695457684713234
9,76.35,16.394436581911634,0.6171181170562448,0.0695457684713234
9,96.06,16.394436581911634,0.6171181170562448,0.0695457684713234
9,112.73,16.394436581911634,0.6171181170562448,0.0695457684713234
9,110.19,16.394436581911634,0.6171181170562448,0.0695457684713234
9,91.36,16.394436581911634,0.6171181170562448,0.0695457684713234
9,70.89,16.394436581911634,0.6171181170562448,0.0695457684713234
9,67.55,16.394436581911634,0.6171181170562448,0.0695457684713234
9,84.35,16.394436581911634,0.6171181170562448,0.0695457684713234
9,104.98,16.394436581911634,0.6171181170562448,0.0695457684713234
9,114.01,16.394436581911634,0.6171181170562448,0.0695457684713234
10,-0.02,9.166879299696586,0.3322050841753902,0.36712792954951956
10,13.37,9.166879299696586,0.3322050841753902,0.36712792954951956
10,38.58,9.166879299696586,0.3322050841753902,0.36712792954951956
10,62.46,9.166879299696586,0.3322050841753902,0.36712792954951956
10,85.7,9.166879299696586,0.3322050841753902,0.36712792954951956
10,109.64,9.166879299696586,0.3322050841753902,0.36712792954951956
10,126.29,9.166879299696586,0.3322050841753902,0.36712792954951956
10,125.11,9.166879299696586,0.3322050841753902,0.36712792954951956
10,110.38,9.166879299696586,0.3322050841753902,0.36712792954951956
10,92.64,9.166879299696586,0.3322050841753902,0.36712792954951956
10,77.39,9.166879299696586,0.3322050841753902,0.36712792954951956
10,71.14,9.166879299696586,0.3322050841753902,0.36712792954951956
10,78.08,9.166879299696586,0.3322050841753902,0.36712792954951956
10,90.66,9.166879299696586,0.3322050841753902,0.36712792954951956
10,103.04,9.166879299696586,0.3322050841753902,0.36712792954951956
10,110.85,9.166879299696586,0.3322050841753902,0.36712792954951956
10,111.67,9.166879299696586,0.3322050841753902,0.36712792954951956
10,105.63,9.166879299696586,0.3322050841753902,0.36712792954951956
10,97.27,9.166879299696586,0.3322050841753902,0.36712792954951956
10,90.0,9.166879299696586,0.3322050841753902,0.36712792954951956
10,85.87,9.166879299696586,0.3322050841753902,0.36712792954951956
10,85.42,9.166879299696586,0.3322050841753902,0.36712792954951956
10,86.82,9.166879299696586,0.3322050841753902,0.36712792954951956
10,88.64,9.166879299696586,0.3322050841753902,0.36712792954951956
10,89.56,9.166879299696586,0.3322050841753902,0.36712792954951956
10,89.52,9.166879299696586,0.3322050841753902,0.36712792954951956
10,89.51,9.166879299696586,0.3322050841753902,0.36712792954951956
10,89.5,9.166879299696586,0.3322050841753902,0.36712792954951956
10,89.49,9.166879299696586,0.3322050841753902,0.36712792954951956
10,89.47,9.166879299696586,0.3322050841753902,0.36712792954951956
10,89.47,9.166879299696586,0.3322050841753902,0.36712792954951956
10,89.46,9.166879299696586,0.3322050841753902,0.36712792954951956
10,89.45,9.166879299696586,0.3322050841753902,0.36712792954951956
10,89.44,9.166879299696586,0.3322050841753902,0.36712792954951956
10,89.43,9.166879299696586,0.3322050841753902,0.36712792954951956
10,89.42,9.166879299696586,0.3322050841753902,0.36712792954951956
10,89.41,9.166879299696586,0.3322050841753902,0.36712792954951956
10,89.41,9.166879299696586,0.3322050841753902,0.36712792954951956
10,89.4,9.166879299696586,0.3322050841753902,0.36712792954951956
10,89.38,9.166879299696586,0.3322050841753902,0.36712792954951956
10,89.38,9.166879299696586,0.3322050841753902,0.36712792954951956
10,89.36,9.166879299696586,0.3322050841753902,0.36712792954951956
10,89.35,9.166879299696586,0.3322050841753902,0.36712792954951956
10,89.34,9.166879299696586,0.3322050841753902,0.36712792954951956
10,89.33,9.166879299696586,0.3322050841753902,0.36712792954951956
10,89.32,9.166879299696586,0.3322050841753902,0.36712792954951956
10,89.31,9.166879299696586,0.3322050841753902,0.36712792954951956
10,89.3,9.166879299696586,0.3322050841753902,0.36712792954951956
10,89.28,9.166879299696586,0.3322050841753902,0.36712792954951956
10,89.27,9.166879299696586,0.3322050841753902,0.36712792954951956
10,89.26,9.166879299696586,0.3322050841753902,0.36712792954951956
10,89.25,9.166879299696586,0.3322050841753902,0.36712792954951956
10,89.24,9.166879299696586,0.3322050841753902,0.36712792954951956
10,89.22,9.166879299696586,0.3322050841753902,0.36712792954951956
10,89.21,9.166879299696586,0.3322050841753902,0.36712792954951956
10,89.2,9.166879299696586,0.3322050841753902,0.36712792954951956
10,89.18,9.166879299696586,0.3322050841753902,0.36712792954951956
10,89.17,9.166879299696586,0.3322050841753902,0.36712792954951956
10,89.16,9.166879299696586,0.3322050841753902,0.36712792954951956
10,89.15,9.166879299696586,0.3322050841753902,0.36712792954951956
10,89.14,9.166879299696586,0.3322050841753902,0.36712792954951956
10,89.12,9.166879299696586,0.3322050841753902,0.36712792954951956
10,89.11,9.166879299696586,0.3322050841753902,0.36712792954951956
10,89.1,9.166879299696586,0.3322050841753902,0.36712792954951956
10,89.09,9.166879299696586,0.3322050841753902,0.36712792954951956
10,89.08,9.166879299696586,0.3322050841753902,0.36712792954951956
10,89.06,9.166879299696586,0.3322050841753902,0.36712792954951956
10,89.05,9.166879299696586,0.3322050841753902,0.36712792954951956
10,89.04,9.166879299696586,0.3322050841753902,0.36712792954951956
10,89.03,9.166879299696586,0.3322050841753902,0.36712792954951956
10,89.02,9.166879299696586,0.3322050841753902,0.36712792954951956
10,89.01,9.166879299696586,0.3322050841753902,0.36712792954951956
10,89.0,9.166879299696586,0.3322050841753902,0.36712792954951956
10,88.98,9.166879299696586,0.3322050841753902,0.36712792954951956
10,88.97,9.166879299696586,0.3322050841753902,0.36712792954951956
10,88.96,9.166879299696586,0.3322050841753902,0.36712792954951956
10,88.95,9.166879299696586,0.3322050841753902,0.36712792954951956
10,88.93,9.166879299696586,0.3322050841753902,0.36712792954951956
10,88.92,9.166879299696586,0.3322050841753902,0.36712792954951956
10,88.91,9.166879299696586,0.3322050841753902,0.36712792954951956
10,88.9,9.166879299696586,0.3322050841753902,0.36712792954951956
10,88.89,9.166879299696586,0.3322050841753902,0.36712792954951956
10,88.88,9.166879299696586,0.3322050841753902,0.36712792954951956
10,88.87,9.166879299696586,0.3322050841753902,0.36712792954951956
10,88.86,9.166879299696586,0.3322050841753902,0.36712792954951956
10,88.85,9.166879299696586,0.3322050841753902,0.36712792954951956
10,88.83,9.166879299696586,0.3322050841753902,0.36712792954951956
10,88.82,9.166879299696586,0.3322050841753902,0.36712792954951956
10,88.81,9.166879299696586,0.3322050841753902,0.36712792954951956
10,88.81,9.166879299696586,0.3322050841753902,0.36712792954951956
10,88.79,9.166879299696586,0.3322050841753902,0.36712792954951956
10,88.78,9.166879299696586,0.3322050841753902,0.36712792954951956
10,88.77,9.166879299696586,0.3322050841753902,0.36712792954951956
10,88.76,9.166879299696586,0.3322050841753902,0.36712792954951956
10,88.75,9.166879299696586,0.3322050841753902,0.36712792954951956
10,88.74,9.166879299696586,0.3322050841753902,0.36712792954951956
10,88.72,9.166879299696586,0.3322050841753902,0.36712792954951956
10,88.71,9.166879299696586,0.3322050841753902,0.36712792954951956
10,88.7,9.166879299696586,0.3322050841753902,0.36712792954951956
10,88.69,9.166879299696586,0.3322050841753902,0.36712792954951956
